Date,Traffic_H3I (TB),Traffic_IM3 (TB),Traffic_Total(TB)
2024-10-01,484.189049553,974.841138499,1459.03018806
2024-10-02,479.264581894,958.518988129,1437.783569967
2024-10-03,481.288097652,960.7956071379999,1442.083704782
2024-10-04,487.042712641,971.4799368509999,1458.522649496
2024-10-05,514.009388988,1032.719996984,1546.729385845
2024-10-06,520.430429225,1037.043404556,1557.47383372
2024-10-07,476.693195485,960.463403878,1437.156599402
2024-10-08,480.29358702400003,964.793366054,1445.086952898
2024-10-09,484.950119131,971.680672397,1456.630791574
2024-10-10,500.620222755,995.546912047,1496.1671347660001
2024-10-11,506.520972538,1006.2057451430001,1512.726717691
2024-10-12,504.258977405,1000.087532121,1504.346509639
2024-10-13,516.884210032,1025.024483783,1541.908693869
2024-10-14,483.508653562,960.643507683,1444.1521612
2024-10-15,495.688927811,980.172376503,1475.8613043579999
2024-10-16,480.758763893,958.243819617,1439.002583486
2024-10-17,492.278239297,985.024623807,1477.302863012
2024-10-18,499.206169989,997.005137947,1496.2113077660001
2024-10-19,507.684081299,1004.578168373,1512.262249595
2024-10-20,521.625647729,1033.747440687,1555.373088294
2024-10-21,483.519224724,966.298883986,1449.818108707
2024-10-22,493.061157465,971.384621805,1464.44577914
2024-10-23,496.746015824,979.043314815,1475.789330674
2024-10-24,509.759424884,1006.059087719,1515.818512479
2024-10-25,516.768408707,1018.167905555,1534.936314337
2024-10-26,516.468890333,1018.021456488,1534.490346662
2024-10-27,548.90580912,1072.520682317,1621.426491314
2024-10-28,491.188640105,975.013140005,1466.201780054
2024-10-29,497.832550408,977.974158818,1475.8067092420001
2024-10-30,501.588568521,983.399121833,1484.987690266
2024-11-01,237.02503412000002,467.83592510299997,704.8609592409999
2024-11-02,500.673700301,971.982954881,1472.656655202
2024-11-03,514.76540796,1000.5649721569999,1515.330380143
2024-11-04,481.387184986,942.05848065,1423.4456656
2024-11-05,480.700823341,935.450014184,1416.150837444
2024-11-06,489.232843006,952.17819852,1441.411041675
2024-11-07,491.030185468,955.98570719,1447.015892549
2024-11-08,498.339550475,970.160126765,1468.499677186
2024-11-09,510.26635287199997,985.521043112,1495.787395885
2024-11-10,527.8326061500001,1016.350575842,1544.183181995
2024-11-11,490.29793692600003,950.0300523660001,1440.327989265
2024-11-12,492.847501526,953.240412138,1446.087913762
2024-11-13,495.703625936,959.5005433140001,1455.204169265
2024-11-14,498.439642167,957.2495665570001,1455.689208716
2024-11-15,496.871556447,963.649630763,1460.52118722
2024-11-16,506.398484672,976.960123617,1483.358608253
2024-11-17,515.368709287,1003.837196993,1519.205906235
2024-11-18,481.731381152,938.9775975460001,1420.708978706
2024-11-19,501.384993674,968.824761402,1470.209755126
2024-11-20,489.11514433400004,948.057710901,1437.172855157
2024-11-21,494.02851047900003,960.356952838,1454.3854632970001
2024-11-22,501.713844295,961.650362603,1463.3642069329999
2024-11-23,511.56431084999997,983.396680612,1494.960991505
2024-11-24,524.378215626,1007.882017378,1532.260233001
2024-11-25,499.065724217,962.626735652,1461.692459863
2024-11-26,501.187317042,961.247420661,1462.434737697
2024-11-27,526.285828837,1010.922936208,1537.208765205
2024-11-28,503.348711618,968.799027335,1472.147738999
2024-11-29,504.950783699,965.470164107,1470.420947888
2024-11-30,524.473408244,1002.256948079,1526.73035647
2024-12-01,529.4466005749999,1015.687387531,1545.133988116
2024-12-02,480.46283312500003,921.689353382,1402.152186484
2024-12-03,458.810653307,894.341605095,1353.1522585
2024-12-04,509.83629427,979.983166088,1489.819460322
2024-12-05,522.749988388,992.103599432,1514.853587856
2024-12-06,536.112819326,1029.337577876,1565.450397307
2024-12-07,531.749017341,1010.201520295,1541.950537571
2024-12-08,553.999972468,1047.309141321,1601.3091137650001
2024-12-09,527.139624014,1013.699335811,1540.838959598
2024-12-10,508.441264361,959.617445302,1468.058709612
2024-12-11,528.442450401,997.138393424,1525.580843771
2024-12-12,522.538978561,1012.821711649,1535.360690208
2024-12-13,519.8296332900001,974.350173285,1494.179806548
2024-12-14,530.812473978,1003.614898427,1534.427372398
2024-12-15,555.11616874,1044.543598577,1599.659767295
2024-12-16,525.982168594,998.014893085,1523.997061799
2024-12-17,514.901493833,963.371544935,1478.2730387670001
2024-12-18,533.984447663,1013.6464170449999,1547.630864803
2024-12-19,518.791658171,972.943845531,1491.735503748
2024-12-20,522.576919915,974.643728247,1497.220648195
2024-12-21,552.295857703,1055.102247195,1607.398104839
2024-12-22,552.295857703,1055.102247195,1607.398104839
2024-12-23,505.5899253,957.062374538,1462.6522997509999
2024-12-24,518.2438366490001,971.726145894,1489.969982612
2024-12-25,518.2438366490001,971.726145894,1489.969982612
2024-12-26,547.476113633,1015.584198786,1563.06031239
2024-12-27,532.7720344740001,980.1959053510001,1512.967939741
2024-12-28,516.174191343,982.6122659299999,1498.786457379
2024-12-29,546.17051014,1007.093723872,1553.264233946
2024-12-30,515.099702695,952.663095055,1467.762797737
2024-12-31,536.01229825,1002.196348208,1538.208646518
2025-01-01,568.52,1058.93,1627.46
2025-01-02,518.9,964.14,1483.05
2025-01-03,513.3000000000001,949.08,1462.3999999999999
2025-01-04,513.79,964.86,1478.64
2025-01-05,516.13,967.57,1483.67
2025-01-06,488.26,924.8,1413.07
2025-01-07,481.48,919.11,1400.63
2025-01-08,484.64,929.22,1413.85
2025-01-09,483.86,936.63,1420.51
2025-01-10,503.05,979.1999999999999,1482.23
2025-01-11,514.8,1014.3100000000001,1529.09
2025-01-12,509.16,998.03,1507.15
2025-01-13,469.83,921.89,1391.74
2025-01-14,464.71,937.11,1401.81
2025-01-15,470.64000000000004,943.88,1414.52
2025-01-16,466.65,940.74,1407.35
2025-01-17,467.82,947.12,1414.93
2025-01-18,479.17,963.81,1442.94
2025-01-19,492.84000000000003,990.42,1483.27
2025-01-20,461.14,944.04,1405.2
2025-01-21,456.38,920.88,1377.29
2025-01-22,463.78,947.89,1411.6899999999998
2025-01-23,463.85,955.18,1419.05
2025-01-24,465.64,967.21,1432.78
2025-01-25,462.17,957.94,1420.14
2025-01-26,485.09,1008.38,1493.48
2025-01-27,479.07,1002.98,1482.0
2025-01-28,468.46,980.15,1448.6499999999999
2025-01-29,472.03999999999996,981.6,1453.65
2025-01-30,463.33,967.94,1431.25
2025-01-31,453.71,945.94,1399.66
2025-02-01,461.72,960.94,1422.71
2025-02-02,478.58,989.2099999999999,1467.78
2025-02-03,441.02,915.88,1356.8700000000001
2025-02-04,445.1,927.8000000000001,1372.8799999999999
2025-02-05,443.08,924.39,1367.46
2025-02-06,451.29,944.15,1395.4
2025-02-07,445.69,938.84,1384.53
2025-02-08,463.19,975.44,1438.62
2025-02-09,481.55,1020.35,1501.9
2025-02-10,466.98,998.2600000000001,1465.28
2025-02-11,463.23,968.96,1432.21
2025-02-12,473.56,1000.5699999999999,1474.14
2025-02-13,457.35,956.58,1413.97
2025-02-14,464.45,965.4499999999999,1429.86
2025-02-15,462.21000000000004,966.38,1428.57
2025-02-16,485.68,1009.68,1495.34
2025-02-17,448.9,940.4200000000001,1389.25
2025-02-18,454.71,948.32,1403.05
2025-02-19,452.56,949.48,1402.01
2025-02-20,456.46,955.47,1411.98
2025-02-21,465.8,971.83,1437.58
2025-02-22,486.86,1017.37,1504.25
2025-02-23,492.92,1025.23,1518.1200000000001
2025-02-24,458.19,960.79,1419.01
2025-02-25,463.36,968.33,1431.72
2025-02-26,468.34999999999997,981.86,1450.26
2025-02-27,474.22,990.92,1465.16
2025-02-28,472.56,988.91,1461.5
2025-03-01,471.95,985.85,1457.75
2025-03-02,497.75,1031.01,1528.74
2025-03-03,477.62,991.81,1469.4199999999998
2025-03-04,463.29,967.16,1430.46
2025-03-05,485.79,1007.77,1493.52
2025-03-06,480.51,995.5,1475.98
2025-03-07,484.55,1004.4399999999999,1488.98
2025-03-08,504.23,1042.37,1546.63
2025-03-09,515.85,1063.54,1579.31
2025-03-10,483.05,998.3,1481.3600000000001
2025-03-11,487.5,994.54,1482.03
2025-03-12,498.55,1004.01,1502.55
2025-03-13,505.62,1014.42,1520.09
2025-03-14,508.58,1029.67,1538.27
2025-03-15,519.15,1043.89,1563.02
2025-03-16,535.14,1071.65,1606.76
2025-03-17,497.59,1001.47,1499.09
2025-03-18,497.76,999.07,1496.89
2025-03-19,517.2,1045.08,1562.31
2025-03-20,515.98,1023.64,1539.62
2025-03-21,522.78,1035.16,1557.95
2025-03-22,539.58,1078.61,1618.21
2025-03-23,536.73,1047.35,1584.0
2025-03-24,514.33,999.75,1514.07
2025-03-25,488.58,942.42,1431.01
2025-03-26,498.34000000000003,949.96,1448.29
2025-03-27,497.06,945.8000000000001,1442.8600000000001
2025-03-28,512.82,973.82,1486.64
2025-03-29,354.34000000000003,469.17,823.5
2025-03-30,503.47,978.62,1482.06
2025-03-31,501.04,947.32,1448.33
2025-04-01,487.64,922.58,1410.23
2025-04-02,493.78000000000003,932.53,1426.38
2025-04-03,500.005516383,942.422630722,1442.428147127
2025-04-04,500.229950259,941.963933836,1442.193884043
2025-04-05,501.54096228599997,943.2209844490001,1444.761946732
2025-04-06,510.550823935,962.87781738,1473.4286412689999
2025-04-07,503.96834623,950.297166368,1454.265512668
2025-04-08,503.99593608,959.740876375,1463.736812318
2025-04-09,509.649483581,978.839329025,1488.488812659
2025-04-10,686.6145171430001,827.059403881,1513.6739209290001
2025-04-11,509.64846112600003,984.016690046,1493.665151063
2025-04-12,518.343120595,1008.851569301,1527.194689859
2025-04-13,534.80526835,1038.58094605,1573.386214374
2025-04-14,502.00621127,990.040519409,1492.0467306780001
2025-04-15,496.934415632,976.1995235720001,1473.133939281
2025-04-16,506.747298304,991.782240927,1498.529539231
2025-04-17,522.544172569,1025.275902715,1547.820075366
2025-04-18,541.18899082,1059.70709856,1600.896089299
2025-04-19,528.339305413,1035.42516655,1563.764471898
2025-04-20,530.981518432,1040.185929193,1571.16744758
2025-04-21,511.018725362,995.724924806,1506.743650099
2025-04-22,514.394552258,1009.115350237,1523.509902412
2025-04-23,542.631574453,1080.656756119,1623.288330515
2025-04-24,537.663969012,1078.542528,1616.206497008
2025-04-25,529.470145735,1072.35735733,1601.8275029449999
2025-04-26,542.872995293,1084.487557539,1627.3605528360001
2025-04-27,566.539929404,1112.413417718,1678.953347257
2025-04-28,515.733325688,1037.919704157,1553.653029821
2025-04-29,521.895220534,1051.982041947,1573.877262398
2025-04-30,528.676909234,1056.242918893,1584.919828115
2025-05-01,547.069858549,1075.376166832,1622.446025384
2025-05-02,497.369279796,932.38174484,1429.75102454
2025-05-03,559.712634868,1122.420917436,1682.133552339
2025-05-04,567.771634303,1129.963092821,1697.734726966
2025-05-05,531.840468847,1057.622306744,1589.4627755689999
2025-05-06,542.455827756,1080.763602575,1623.219430382
2025-05-07,553.201403689,1089.624328625,1642.825732332
2025-05-08,543.377926946,1087.62078874,1630.998715592
2025-05-09,555.423155291,1106.639073291,1662.062228561
2025-05-10,565.287075896,1119.928626488,1685.215702453
2025-05-11,603.033368527,1184.952393671,1787.985762057
2025-05-12,569.784989271,1128.865478568,1698.650467864
2025-05-13,559.150117131,1111.08279526,1670.232912503
2025-05-14,551.220093097,1102.237724143,1653.457817326
2025-05-15,551.357015849,1101.391223391,1652.748239351
2025-05-16,551.3320682789999,1101.56418246,1652.896250623
2025-05-17,554.878469632,1107.596229714,1662.474699349
2025-05-18,574.060299537,1145.333597714,1719.393897268
2025-05-19,540.824015742,1084.359427732,1625.183443507
2025-05-20,541.384928378,1083.340714345,1624.725642712
2025-05-21,550.854223545,1098.826919773,1649.681143218
2025-05-22,569.418499098,1136.686726943,1706.1052259340001
2025-05-23,569.399594037,1133.2658642430001,1702.665458355
2025-05-24,571.133878727,1134.160821311,1705.2947000689999
2025-05-25,583.140726322,1152.028426536,1735.169152789
2025-05-26,548.858119183,1083.457967265,1632.316086326
2025-05-27,549.253597321,1087.482169694,1636.73576711
2025-05-28,557.351574796,1095.89192723,1653.2435019710001
2025-05-29,578.544097442,1132.428122974,1710.972220411
2025-05-30,579.843765032,1133.033132385,1712.8768974079999
2025-05-31,574.587576415,1129.336191414,1703.923767863
2025-06-01,581.771003574,1140.355325178,1722.126328788
2025-06-02,546.645208518,1071.431968118,1618.0771766389998
2025-06-03,542.5573793020001,1066.699377719,1609.25675705
2025-06-04,550.57405872,1077.002241069,1627.576299888
2025-06-05,575.033632858,1117.618433383,1692.652066231
2025-06-06,596.804765277,1155.151978481,1751.956743661
2025-06-07,562.124495238,1101.207633838,1663.332129152
2025-06-08,573.626256196,1131.880662781,1705.506919036
2025-06-09,552.1423933140001,1084.444757651,1636.587150869
2025-06-10,545.278028449,1086.219668674,1631.497697296
2025-06-11,550.617845937,1095.591839605,1646.209685553
2025-06-12,557.772868229,1117.865868755,1675.638736872
2025-06-13,566.962352901,1125.453112223,1692.415465061
2025-06-14,571.217791404,1138.520394317,1709.738185661
2025-06-15,585.1996172080001,1157.942004111,1743.141621322
2025-06-16,540.846349057,1078.709416946,1619.555765907
2025-06-17,543.88315492,1091.245491482,1635.128646336
2025-06-18,544.995365643,1087.996561581,1632.991927276
2025-06-19,550.666581328,1098.432919006,1649.099500236
2025-06-20,553.78788514,1103.3978312240001,1657.185716426
2025-06-21,559.207287228,1116.878334224,1676.085621343
2025-06-22,576.593906032,1146.251850146,1722.845756324
2025-06-23,561.579695949,1115.801335556,1677.381031474
2025-06-24,561.953253222,1109.784828698,1671.7380819730001
2025-06-25,582.058212141,1180.280512396,1762.338724546
2025-06-26,570.999627951,1133.392840613,1704.392468468
2025-06-27,591.168966461,1159.153526899,1750.322493247
2025-06-28,583.456621837,1148.204374361,1731.660996161
2025-06-29,588.471431838,1158.42206427,1746.8934960610002
2025-06-30,562.268574092,1104.534486925,1666.803061175
2025-07-01,570.911717516,1122.61192116,1693.5236386860001
2025-07-02,572.1258907710001,1126.581646455,1698.707537276
2025-07-03,578.64100235,1148.193054711,1726.834056968
2025-07-04,581.547286248,1154.047595606,1735.59488187
2025-07-05,579.902189358,1144.356209526,1724.2583989470002
2025-07-06,613.11009788,1201.222213554,1814.33231138
2025-07-07,567.650093249,1114.758660469,1682.408753787
2025-07-08,565.129521393,1117.373011479,1682.502532888
2025-07-09,573.744983761,1120.634357491,1694.379341052
2025-07-10,577.502389895,1132.767052737,1710.269442735
2025-07-11,563.309261011,1117.440118253,1680.7493791919999
2025-07-12,583.223597112,1149.140996891,1732.364594045
2025-07-13,589.894756328,1157.6055822179999,1747.500338493
2025-07-14,565.32871184,1114.502559041,1679.831270843
2025-07-15,568.991894046,1120.75597633,1689.747870317
2025-07-16,560.012538693,1114.340977872,1674.353516603
2025-07-17,569.624309738,1124.08576305,1693.710072753
2025-07-18,574.173411836,1129.863871432,1704.037283391
2025-07-19,577.6076054929999,1136.844366858,1714.451972353
2025-07-20,582.927683373,1146.140397642,1729.068081034
2025-07-21,569.481828283,1120.461318001,1689.9431463419999
2025-07-22,571.665793576,1128.785962066,1700.451755678
2025-07-23,579.6758685,1138.177670201,1717.853538656
2025-07-24,582.896651985,1143.02729546,1725.923947531
2025-07-25,594.195936177,1170.866407191,1765.062343315
2025-07-26,596.519708312,1167.906284233,1764.425992533
2025-07-27,607.92082642,1183.46712821,1791.387954674
2025-07-28,566.320923281,1117.939490437,1684.260413824
2025-07-29,578.079352893,1142.847474336,1720.926827323
2025-07-30,574.965137966,1139.433474595,1714.3986125440001
2025-07-31,566.112138069,1120.5909602259999,1686.703098255
2025-08-01,571.102286394,1125.59651958,1696.698806031
2025-08-02,583.070571018,1148.99103262,1732.061603583
2025-08-03,606.453611714,1180.824783429,1787.278395226
2025-08-04,562.057912153,1108.006094356,1670.064006544
2025-08-05,571.161445137,1125.319940161,1696.4813851190002
2025-08-06,582.102435711,1150.040956445,1732.143392056
2025-08-07,581.432485012,1146.74445294,1728.176937882
2025-08-08,593.687889113,1164.206077921,1757.893966981
2025-08-09,593.799397198,1161.833224558,1755.63262178
2025-08-10,628.158353486,1230.975153595,1859.133507146
2025-08-11,578.910744388,1140.903686836,1719.8144312489999
2025-08-12,574.571680608,1134.265173351,1708.836853919
2025-08-13,573.288616579,1142.393679756,1715.682296299
2025-08-14,596.34521118,1164.705654988,1761.050866206
2025-08-15,606.085741323,1177.469083418,1783.554824772
2025-08-16,615.000308735,1187.012727349,1802.0130361679999
2025-08-17,658.960912331,1265.196120557,1924.157032785
2025-08-18,627.372530377,1200.172018456,1827.544548871
2025-08-19,595.630164035,1150.517683999,1746.147848077
2025-08-20,596.452519915,1150.848397586,1747.300917465
2025-08-21,597.578058528,1155.677603512,1753.2556620789999
2025-08-22,606.200681323,1165.230695927,1771.431377197
2025-08-23,625.4358695359999,1207.67877417,1833.114643763
2025-08-24,647.081860453,1234.9570241049998,1882.03888453
2025-08-25,594.479553085,1156.0670696500001,1750.546622764
2025-08-26,601.767460551,1161.665593812,1763.433054143
2025-08-27,600.550476308,1167.589300843,1768.139777127
2025-08-28,580.622099281,1125.80334329,1706.425442621
2025-08-29,620.841731819,1207.253780388,1828.095512001
2025-08-30,652.9361239049999,1247.300217347,1900.23634129
2025-08-31,649.048608793,1233.4664443689999,1882.51505312
2025-09-01,598.650124845,1137.396371884,1736.046496769
2025-09-02,604.726228036,1152.361881343,1757.088109584
2025-09-03,608.106460482,1164.728623393,1772.835083924
2025-09-04,613.16465795,1170.497700996,1783.662358951
2025-09-05,654.322329843,1232.430195724,1886.752525507
2025-09-06,651.994053705,1229.815918775,1881.809972538
2025-09-07,660.564645517,1243.232633569,1903.797279023
2025-09-08,628.706701547,1190.66693845,1819.37363995
2025-09-09,645.090501868,1246.3448309990001,1891.435332826
2025-09-10,662.141418888,1302.538220816,1964.679639967
2025-09-11,627.39843583,1197.60648816,1825.004923939
2025-09-12,636.38213149,1214.659482948,1851.041614476
2025-09-13,658.545794809,1244.108958867,1902.6547535720001
2025-09-14,682.823652088,1288.373168165,1971.196820289
2025-09-15,634.955208252,1219.72159969,1854.676808054
2025-09-16,632.5952512,1209.9056473169999,1842.500898497
2025-09-17,634.059930632,1209.509554937,1843.569485582
2025-09-18,644.3652076,1247.698385353,1892.063592852
2025-09-19,640.452220885,1217.171352635,1857.623573512
2025-09-20,658.561304844,1258.468794691,1917.030099587
2025-09-21,792.863692907,1514.473522903,2307.337215765
2025-09-22,633.957013482,1209.10132159,1843.058335142
2025-09-23,630.755659329,1208.557942026,1839.313601374
2025-09-24,649.336453471,1238.243513205,1887.579966773
2025-09-25,646.353281807,1234.059264307,1880.412546026
2025-09-26,654.218861486,1248.184589541,1902.403450989
2025-09-27,684.562074905,1294.449169671,1979.011244507
2025-09-28,688.238537239,1308.256591671,1996.495128816
2025-09-29,650.444240211,1239.1032065709999,1889.547446819
2025-09-30,647.124032525,1240.576709408,1887.700741856
2025-10-01,642.734311399,1227.927445699,1870.661757017
2025-10-02,646.70439122,1226.224069665,1872.928460911
2025-10-03,658.761291116,1245.823522865,1904.584814049
2025-10-04,677.885601824,1275.399841433,1953.2854432689999
2025-10-05,711.002501739,1327.64243035,2038.644932087
2025-10-06,642.210131638,1233.801537693,1876.011669331
2025-10-07,648.785140915,1234.845919248,1883.631060191
2025-10-08,653.371268486,1246.808803726,1900.180072207
2025-10-09,746.10127358,1410.2234199279999,2156.324693666
2025-10-10,679.222666967,1282.134351398,1961.357018395
2025-10-11,689.623602133,1300.022630936,1989.6462329570002
2025-10-12,719.191500453,1349.183751955,2068.375252303
2025-10-13,643.828309349,1228.500781805,1872.329091034
2025-10-14,653.134379475,1242.232151506,1895.366530994
2025-10-15,646.2026306070001,1230.538771106,1876.741401793
2025-10-16,655.4704933070001,1247.407984547,1902.878477826
2025-10-17,665.269899103,1263.06818398,1928.338082946
2025-10-18,685.21747205,1296.18501461,1981.402486745
2025-10-19,706.362858517,1329.459938378,2035.822796922
2025-10-20,631.201425514,1205.402524965,1836.603950484
2025-10-21,641.918414881,1234.551496817,1876.46991178
2025-10-22,653.838986653,1243.30353382,1897.1425204729999
